orderDetailId,orderId,productId,unitPrice,quantity,discount
1,10248,11,14.00,12,0.00
2,10248,42,9.80,10,0.00
3,10248,72,34.80,5,0.00
4,10249,14,18.60,9,0.00
5,10249,51,42.40,40,0.00
6,10250,41,7.70,10,0.00
7,10250,51,42.40,35,0.15
8,10250,65,16.80,15,0.15
9,10251,22,16.80,6,0.05
10,10251,57,15.60,15,0.05
11,10251,65,16.80,20,0.00
12,10252,20,64.80,40,0.05
13,10252,33,2.00,25,0.05
14,10252,60,27.20,40,0.00
15,10253,31,10.00,20,0.00
16,10253,39,14.40,42,0.00
17,10253,49,16.00,40,0.00
18,10254,24,3.60,15,0.15
19,10254,55,19.20,21,0.15
20,10254,74,8.00,21,0.00
21,10255,2,15.20,20,0.00
22,10255,16,13.90,35,0.00
23,10255,36,15.20,25,0.00
24,10255,59,44.00,30,0.00
25,10256,53,26.20,15,0.00
26,10256,77,10.40,12,0.00
27,10257,27,35.10,25,0.00
28,10257,39,14.40,6,0.00
29,10257,77,10.40,15,0.00
30,10258,2,15.20,50,0.20
31,10258,5,17.00,65,0.20
32,10258,32,25.60,6,0.20
33,10259,21,8.00,10,0.00
34,10259,37,20.80,1,0.00
35,10260,41,7.70,16,0.25
36,10260,57,15.60,50,0.00
37,10260,62,39.40,15,0.25
38,10260,70,12.00,21,0.25
39,10261,21,8.00,20,0.00
40,10261,35,14.40,20,0.00
41,10262,5,17.00,12,0.20
42,10262,7,24.00,15,0.00
43,10262,56,30.40,2,0.00
44,10263,16,13.90,60,0.25
45,10263,24,3.60,28,0.00
46,10263,30,20.70,60,0.25
47,10263,74,8.00,36,0.25
48,10264,2,15.20,35,0.00
49,10264,41,7.70,25,0.15
50,10265,17,31.20,30,0.00
51,10265,70,12.00,20,0.00
52,10266,12,30.40,12,0.05
53,10267,40,14.70,50,0.00
54,10267,59,44.00,70,0.15
55,10267,76,14.40,15,0.15
56,10268,29,99.00,10,0.00
57,10268,72,27.80,4,0.00
58,10269,33,2.00,60,0.05
59,10269,72,27.80,20,0.05
60,10270,36,15.20,30,0.00
61,10270,43,36.80,25,0.00
62,10271,33,2.00,24,0.00
63,10272,20,64.80,6,0.00
64,10272,31,10.00,40,0.00
65,10272,72,27.80,24,0.00
66,10273,10,24.80,24,0.05
67,10273,31,10.00,15,0.05
68,10273,33,2.00,20,0.00
69,10273,40,14.70,60,0.05
70,10273,76,14.40,33,0.05
71,10274,71,17.20,20,0.00
72,10274,72,27.80,7,0.00
73,10275,24,3.60,12,0.05
74,10275,59,44.00,6,0.05
75,10276,10,24.80,15,0.00
76,10276,13,4.80,10,0.00
77,10277,28,36.40,20,0.00
78,10277,62,39.40,12,0.00
79,10278,44,15.50,16,0.00
80,10278,59,44.00,15,0.00
81,10278,63,35.10,8,0.00
82,10278,73,12.00,25,0.00
83,10279,17,31.20,15,0.25
84,10280,24,3.60,12,0.00
85,10280,55,19.20,20,0.00
86,10280,75,6.20,30,0.00
87,10281,19,7.30,1,0.00
88,10281,24,3.60,6,0.00
89,10281,35,14.40,4,0.00
90,10282,30,20.70,6,0.00
91,10282,57,15.60,2,0.00
92,10283,15,12.40,20,0.00
93,10283,19,7.30,18,0.00
94,10283,60,27.20,35,0.00
95,10283,72,27.80,3,0.00
96,10284,27,35.10,15,0.25
97,10284,44,15.50,21,0.00
98,10284,60,27.20,20,0.25
99,10284,67,11.20,5,0.25
100,10285,1,14.40,45,0.20
101,10285,40,14.70,40,0.20
102,10285,53,26.20,36,0.20
103,10286,35,14.40,100,0.00
104,10286,62,39.40,40,0.00
105,10287,16,13.90,40,0.15
106,10287,34,11.20,20,0.00
107,10287,46,9.60,15,0.15
108,10288,54,5.90,10,0.10
109,10288,68,10.00,3,0.10
110,10289,3,8.00,30,0.00
111,10289,64,26.60,9,0.00
112,10290,5,17.00,20,0.00
113,10290,29,99.00,15,0.00
114,10290,49,16.00,15,0.00
115,10290,77,10.40,10,0.00
116,10291,13,4.80,20,0.10
117,10291,44,15.50,24,0.10
118,10291,51,42.40,2,0.10
119,10292,20,64.80,20,0.00
120,10293,18,50.00,12,0.00
121,10293,24,3.60,10,0.00
122,10293,63,35.10,5,0.00
123,10293,75,6.20,6,0.00
124,10294,1,14.40,18,0.00
125,10294,17,31.20,15,0.00
126,10294,43,36.80,15,0.00
127,10294,60,27.20,21,0.00
128,10294,75,6.20,6,0.00
129,10295,56,30.40,4,0.00
130,10296,11,16.80,12,0.00
131,10296,16,13.90,30,0.00
132,10296,69,28.80,15,0.00
133,10297,39,14.40,60,0.00
134,10297,72,27.80,20,0.00
135,10298,2,15.20,40,0.00
136,10298,36,15.20,40,0.25
137,10298,59,44.00,30,0.25
138,10298,62,39.40,15,0.00
139,10299,19,7.30,15,0.00
140,10299,70,12.00,20,0.00
141,10300,66,13.60,30,0.00
142,10300,68,10.00,20,0.00
143,10301,40,14.70,10,0.00
144,10301,56,30.40,20,0.00
145,10302,17,31.20,40,0.00
146,10302,28,36.40,28,0.00
147,10302,43,36.80,12,0.00
148,10303,40,14.70,40,0.10
149,10303,65,16.80,30,0.10
150,10303,68,10.00,15,0.10
151,10304,49,16.00,30,0.00
152,10304,59,44.00,10,0.00
153,10304,71,17.20,2,0.00
154,10305,18,50.00,25,0.10
155,10305,29,99.00,25,0.10
156,10305,39,14.40,30,0.10
157,10306,30,20.70,10,0.00
158,10306,53,26.20,10,0.00
159,10306,54,5.90,5,0.00
160,10307,62,39.40,10,0.00
161,10307,68,10.00,3,0.00
162,10308,69,28.80,1,0.00
163,10308,70,12.00,5,0.00
164,10309,4,17.60,20,0.00
165,10309,6,20.00,30,0.00
166,10309,42,11.20,2,0.00
167,10309,43,36.80,20,0.00
168,10309,71,17.20,3,0.00
169,10310,16,13.90,10,0.00
170,10310,62,39.40,5,0.00
171,10311,42,11.20,6,0.00
172,10311,69,28.80,7,0.00
173,10312,28,36.40,4,0.00
174,10312,43,36.80,24,0.00
175,10312,53,26.20,20,0.00
176,10312,75,6.20,10,0.00
177,10313,36,15.20,12,0.00
178,10314,32,25.60,40,0.10
179,10314,58,10.60,30,0.10
180,10314,62,39.40,25,0.10
181,10315,34,11.20,14,0.00
182,10315,70,12.00,30,0.00
183,10316,41,7.70,10,0.00
184,10316,62,39.40,70,0.00
185,10317,1,14.40,20,0.00
186,10318,41,7.70,20,0.00
187,10318,76,14.40,6,0.00
188,10319,17,31.20,8,0.00
189,10319,28,36.40,14,0.00
190,10319,76,14.40,30,0.00
191,10320,71,17.20,30,0.00
192,10321,35,14.40,10,0.00
193,10322,52,5.60,20,0.00
194,10323,15,12.40,5,0.00
195,10323,25,11.20,4,0.00
196,10323,39,14.40,4,0.00
197,10324,16,13.90,21,0.15
198,10324,35,14.40,70,0.15
199,10324,46,9.60,30,0.00
200,10324,59,44.00,40,0.15
201,10324,63,35.10,80,0.15
202,10325,6,20.00,6,0.00
203,10325,13,4.80,12,0.00
204,10325,14,18.60,9,0.00
205,10325,31,10.00,4,0.00
206,10325,72,27.80,40,0.00
207,10326,4,17.60,24,0.00
208,10326,57,15.60,16,0.00
209,10326,75,6.20,50,0.00
210,10327,2,15.20,25,0.20
211,10327,11,16.80,50,0.20
212,10327,30,20.70,35,0.20
213,10327,58,10.60,30,0.20
214,10328,59,44.00,9,0.00
215,10328,65,16.80,40,0.00
216,10328,68,10.00,10,0.00
217,10329,19,7.30,10,0.05
218,10329,30,20.70,8,0.05
219,10329,38,210.80,20,0.05
220,10329,56,30.40,12,0.05
221,10330,26,24.90,50,0.15
222,10330,72,27.80,25,0.15
223,10331,54,5.90,15,0.00
224,10332,18,50.00,40,0.20
225,10332,42,11.20,10,0.20
226,10332,47,7.60,16,0.20
227,10333,14,18.60,10,0.00
228,10333,21,8.00,10,0.10
229,10333,71,17.20,40,0.10
230,10334,52,5.60,8,0.00
231,10334,68,10.00,10,0.00
232,10335,2,15.20,7,0.20
233,10335,31,10.00,25,0.20
234,10335,32,25.60,6,0.20
235,10335,51,42.40,48,0.20
236,10336,4,17.60,18,0.10
237,10337,23,7.20,40,0.00
238,10337,26,24.90,24,0.00
239,10337,36,15.20,20,0.00
240,10337,37,20.80,28,0.00
241,10337,72,27.80,25,0.00
242,10338,17,31.20,20,0.00
243,10338,30,20.70,15,0.00
244,10339,4,17.60,10,0.00
245,10339,17,31.20,70,0.05
246,10339,62,39.40,28,0.00
247,10340,18,50.00,20,0.05
248,10340,41,7.70,12,0.05
249,10340,43,36.80,40,0.05
250,10341,33,2.00,8,0.00
251,10341,59,44.00,9,0.15
252,10342,2,15.20,24,0.20
253,10342,31,10.00,56,0.20
254,10342,36,15.20,40,0.20
255,10342,55,19.20,40,0.20
256,10343,64,26.60,50,0.00
257,10343,68,10.00,4,0.05
258,10343,76,14.40,15,0.00
259,10344,4,17.60,35,0.00
260,10344,8,32.00,70,0.25
261,10345,8,32.00,70,0.00
262,10345,19,7.30,80,0.00
263,10345,42,11.20,9,0.00
264,10346,17,31.20,36,0.10
265,10346,56,30.40,20,0.00
266,10347,25,11.20,10,0.00
267,10347,39,14.40,50,0.15
268,10347,40,14.70,4,0.00
269,10347,75,6.20,6,0.15
270,10348,1,14.40,15,0.15
271,10348,23,7.20,25,0.00
272,10349,54,5.90,24,0.00
273,10350,50,13.00,15,0.10
274,10350,69,28.80,18,0.10
275,10351,38,210.80,20,0.05
276,10351,41,7.70,13,0.00
277,10351,44,15.50,77,0.05
278,10351,65,16.80,10,0.05
279,10352,24,3.60,10,0.00
280,10352,54,5.90,20,0.15
281,10353,11,16.80,12,0.20
282,10353,38,210.80,50,0.20
283,10354,1,14.40,12,0.00
284,10354,29,99.00,4,0.00
285,10355,24,3.60,25,0.00
286,10355,57,15.60,25,0.00
287,10356,31,10.00,30,0.00
288,10356,55,19.20,12,0.00
289,10356,69,28.80,20,0.00
290,10357,10,24.80,30,0.20
291,10357,26,24.90,16,0.00
292,10357,60,27.20,8,0.20
293,10358,24,3.60,10,0.05
294,10358,34,11.20,10,0.05
295,10358,36,15.20,20,0.05
296,10359,16,13.90,56,0.05
297,10359,31,10.00,70,0.05
298,10359,60,27.20,80,0.05
299,10360,28,36.40,30,0.00
300,10360,29,99.00,35,0.00
301,10360,38,210.80,10,0.00
302,10360,49,16.00,35,0.00
303,10360,54,5.90,28,0.00
304,10361,39,14.40,54,0.10
305,10361,60,27.20,55,0.10
306,10362,25,11.20,50,0.00
307,10362,51,42.40,20,0.00
308,10362,54,5.90,24,0.00
309,10363,31,10.00,20,0.00
310,10363,75,6.20,12,0.00
311,10363,76,14.40,12,0.00
312,10364,69,28.80,30,0.00
313,10364,71,17.20,5,0.00
314,10365,11,16.80,24,0.00
315,10366,65,16.80,5,0.00
316,10366,77,10.40,5,0.00
317,10367,34,11.20,36,0.00
318,10367,54,5.90,18,0.00
319,10367,65,16.80,15,0.00
320,10367,77,10.40,7,0.00
321,10368,21,8.00,5,0.10
322,10368,28,36.40,13,0.10
323,10368,57,15.60,25,0.00
324,10368,64,26.60,35,0.10
325,10369,29,99.00,20,0.00
326,10369,56,30.40,18,0.25
327,10370,1,14.40,15,0.15
328,10370,64,26.60,30,0.00
329,10370,74,8.00,20,0.15
330,10371,36,15.20,6,0.20
331,10372,20,64.80,12,0.25
332,10372,38,210.80,40,0.25
333,10372,60,27.20,70,0.25
334,10372,72,27.80,42,0.25
335,10373,58,10.60,80,0.20
336,10373,71,17.20,50,0.20
337,10374,31,10.00,30,0.00
338,10374,58,10.60,15,0.00
339,10375,14,18.60,15,0.00
340,10375,54,5.90,10,0.00
341,10376,31,10.00,42,0.05
342,10377,28,36.40,20,0.15
343,10377,39,14.40,20,0.15
344,10378,71,17.20,6,0.00
345,10379,41,7.70,8,0.10
346,10379,63,35.10,16,0.10
347,10379,65,16.80,20,0.10
348,10380,30,20.70,18,0.10
349,10380,53,26.20,20,0.10
350,10380,60,27.20,6,0.10
351,10380,70,12.00,30,0.00
352,10381,74,8.00,14,0.00
353,10382,5,17.00,32,0.00
354,10382,18,50.00,9,0.00
355,10382,29,99.00,14,0.00
356,10382,33,2.00,60,0.00
357,10382,74,8.00,50,0.00
358,10383,13,4.80,20,0.00
359,10383,50,13.00,15,0.00
360,10383,56,30.40,20,0.00
361,10384,20,64.80,28,0.00
362,10384,60,27.20,15,0.00
363,10385,7,24.00,10,0.20
364,10385,60,27.20,20,0.20
365,10385,68,10.00,8,0.20
366,10386,24,3.60,15,0.00
367,10386,34,11.20,10,0.00
368,10387,24,3.60,15,0.00
369,10387,28,36.40,6,0.00
370,10387,59,44.00,12,0.00
371,10387,71,17.20,15,0.00
372,10388,45,7.60,15,0.20
373,10388,52,5.60,20,0.20
374,10388,53,26.20,40,0.00
375,10389,10,24.80,16,0.00
376,10389,55,19.20,15,0.00
377,10389,62,39.40,20,0.00
378,10389,70,12.00,30,0.00
379,10390,31,10.00,60,0.10
380,10390,35,14.40,40,0.10
381,10390,46,9.60,45,0.00
382,10390,72,27.80,24,0.10
383,10391,13,4.80,18,0.00
384,10392,69,28.80,50,0.00
385,10393,2,15.20,25,0.25
386,10393,14,18.60,42,0.25
387,10393,25,11.20,7,0.25
388,10393,26,24.90,70,0.25
389,10393,31,10.00,32,0.00
390,10394,13,4.80,10,0.00
391,10394,62,39.40,10,0.00
392,10395,46,9.60,28,0.10
393,10395,53,26.20,70,0.10
394,10395,69,28.80,8,0.00
395,10396,23,7.20,40,0.00
396,10396,71,17.20,60,0.00
397,10396,72,27.80,21,0.00
398,10397,21,8.00,10,0.15
399,10397,51,42.40,18,0.15
400,10398,35,14.40,30,0.00
401,10398,55,19.20,120,0.10
402,10399,68,10.00,60,0.00
403,10399,71,17.20,30,0.00
404,10399,76,14.40,35,0.00
405,10399,77,10.40,14,0.00
406,10400,29,99.00,21,0.00
407,10400,35,14.40,35,0.00
408,10400,49,16.00,30,0.00
409,10401,30,20.70,18,0.00
410,10401,56,30.40,70,0.00
411,10401,65,16.80,20,0.00
412,10401,71,17.20,60,0.00
413,10402,23,7.20,60,0.00
414,10402,63,35.10,65,0.00
415,10403,16,13.90,21,0.15
416,10403,48,10.20,70,0.15
417,10404,26,24.90,30,0.05
418,10404,42,11.20,40,0.05
419,10404,49,16.00,30,0.05
420,10405,3,8.00,50,0.00
421,10406,1,14.40,10,0.00
422,10406,21,8.00,30,0.10
423,10406,28,36.40,42,0.10
424,10406,36,15.20,5,0.10
425,10406,40,14.70,2,0.10
426,10407,11,16.80,30,0.00
427,10407,69,28.80,15,0.00
428,10407,71,17.20,15,0.00
429,10408,37,20.80,10,0.00
430,10408,54,5.90,6,0.00
431,10408,62,39.40,35,0.00
432,10409,14,18.60,12,0.00
433,10409,21,8.00,12,0.00
434,10410,33,2.00,49,0.00
435,10410,59,44.00,16,0.00
436,10411,41,7.70,25,0.20
437,10411,44,15.50,40,0.20
438,10411,59,44.00,9,0.20
439,10412,14,18.60,20,0.10
440,10413,1,14.40,24,0.00
441,10413,62,39.40,40,0.00
442,10413,76,14.40,14,0.00
443,10414,19,7.30,18,0.05
444,10414,33,2.00,50,0.00
445,10415,17,31.20,2,0.00
446,10415,33,2.00,20,0.00
447,10416,19,7.30,20,0.00
448,10416,53,26.20,10,0.00
449,10416,57,15.60,20,0.00
450,10417,38,210.80,50,0.00
451,10417,46,9.60,2,0.25
452,10417,68,10.00,36,0.25
453,10417,77,10.40,35,0.00
454,10418,2,15.20,60,0.00
455,10418,47,7.60,55,0.00
456,10418,61,22.80,16,0.00
457,10418,74,8.00,15,0.00
458,10419,60,27.20,60,0.05
459,10419,69,28.80,20,0.05
460,10420,9,77.60,20,0.10
461,10420,13,4.80,2,0.10
462,10420,70,12.00,8,0.10
463,10420,73,12.00,20,0.10
464,10421,19,7.30,4,0.15
465,10421,26,24.90,30,0.00
466,10421,53,26.20,15,0.15
467,10421,77,10.40,10,0.15
468,10422,26,24.90,2,0.00
469,10423,31,10.00,14,0.00
470,10423,59,44.00,20,0.00
471,10424,35,14.40,60,0.20
472,10424,38,210.80,49,0.20
473,10424,68,10.00,30,0.20
474,10425,55,19.20,10,0.25
475,10425,76,14.40,20,0.25
476,10426,56,30.40,5,0.00
477,10426,64,26.60,7,0.00
478,10427,14,18.60,35,0.00
479,10428,46,9.60,20,0.00
480,10429,50,13.00,40,0.00
481,10429,63,35.10,35,0.25
482,10430,17,31.20,45,0.20
483,10430,21,8.00,50,0.00
484,10430,56,30.40,30,0.00
485,10430,59,44.00,70,0.20
486,10431,17,31.20,50,0.25
487,10431,40,14.70,50,0.25
488,10431,47,7.60,30,0.25
489,10432,26,24.90,10,0.00
490,10432,54,5.90,40,0.00
491,10433,56,30.40,28,0.00
492,10434,11,16.80,6,0.00
493,10434,76,14.40,18,0.15
494,10435,2,15.20,10,0.00
495,10435,22,16.80,12,0.00
496,10435,72,27.80,10,0.00
497,10436,46,9.60,5,0.00
498,10436,56,30.40,40,0.10
499,10436,64,26.60,30,0.10
500,10436,75,6.20,24,0.10
501,10437,53,26.20,15,0.00
502,10438,19,7.30,15,0.20
503,10438,34,11.20,20,0.20
504,10438,57,15.60,15,0.20
505,10439,12,30.40,15,0.00
506,10439,16,13.90,16,0.00
507,10439,64,26.60,6,0.00
508,10439,74,8.00,30,0.00
509,10440,2,15.20,45,0.15
510,10440,16,13.90,49,0.15
511,10440,29,99.00,24,0.15
512,10440,61,22.80,90,0.15
513,10441,27,35.10,50,0.00
514,10442,11,16.80,30,0.00
515,10442,54,5.90,80,0.00
516,10442,66,13.60,60,0.00
517,10443,11,16.80,6,0.20
518,10443,28,36.40,12,0.00
519,10444,17,31.20,10,0.00
520,10444,26,24.90,15,0.00
521,10444,35,14.40,8,0.00
522,10444,41,7.70,30,0.00
523,10445,39,14.40,6,0.00
524,10445,54,5.90,15,0.00
525,10446,19,7.30,12,0.10
526,10446,24,3.60,20,0.10
527,10446,31,10.00,3,0.10
528,10446,52,5.60,15,0.10
529,10447,19,7.30,40,0.00
530,10447,65,16.80,35,0.00
531,10447,71,17.20,2,0.00
532,10448,26,24.90,6,0.00
533,10448,40,14.70,20,0.00
534,10449,10,24.80,14,0.00
535,10449,52,5.60,20,0.00
536,10449,62,39.40,35,0.00
537,10450,10,24.80,20,0.20
538,10450,54,5.90,6,0.20
539,10451,55,19.20,120,0.10
540,10451,64,26.60,35,0.10
541,10451,65,16.80,28,0.10
542,10451,77,10.40,55,0.10
543,10452,28,36.40,15,0.00
544,10452,44,15.50,100,0.05
545,10453,48,10.20,15,0.10
546,10453,70,12.00,25,0.10
547,10454,16,13.90,20,0.20
548,10454,33,2.00,20,0.20
549,10454,46,9.60,10,0.20
550,10455,39,14.40,20,0.00
551,10455,53,26.20,50,0.00
552,10455,61,22.80,25,0.00
553,10455,71,17.20,30,0.00
554,10456,21,8.00,40,0.15
555,10456,49,16.00,21,0.15
556,10457,59,44.00,36,0.00
557,10458,26,24.90,30,0.00
558,10458,28,36.40,30,0.00
559,10458,43,36.80,20,0.00
560,10458,56,30.40,15,0.00
561,10458,71,17.20,50,0.00
562,10459,7,24.00,16,0.05
563,10459,46,9.60,20,0.05
564,10459,72,27.80,40,0.00
565,10460,68,10.00,21,0.25
566,10460,75,6.20,4,0.25
567,10461,21,8.00,40,0.25
568,10461,30,20.70,28,0.25
569,10461,55,19.20,60,0.25
570,10462,13,4.80,1,0.00
571,10462,23,7.20,21,0.00
572,10463,19,7.30,21,0.00
573,10463,42,11.20,50,0.00
574,10464,4,17.60,16,0.20
575,10464,43,36.80,3,0.00
576,10464,56,30.40,30,0.20
577,10464,60,27.20,20,0.00
578,10465,24,3.60,25,0.00
579,10465,29,99.00,18,0.10
580,10465,40,14.70,20,0.00
581,10465,45,7.60,30,0.10
582,10465,50,13.00,25,0.00
583,10466,11,16.80,10,0.00
584,10466,46,9.60,5,0.00
585,10467,24,3.60,28,0.00
586,10467,25,11.20,12,0.00
587,10468,30,20.70,8,0.00
588,10468,43,36.80,15,0.00
589,10469,2,15.20,40,0.15
590,10469,16,13.90,35,0.15
591,10469,44,15.50,2,0.15
592,10470,18,50.00,30,0.00
593,10470,23,7.20,15,0.00
594,10470,64,26.60,8,0.00
595,10471,7,24.00,30,0.00
596,10471,56,30.40,20,0.00
597,10472,24,3.60,80,0.05
598,10472,51,42.40,18,0.00
599,10473,33,2.00,12,0.00
600,10473,71,17.20,12,0.00
601,10474,14,18.60,12,0.00
602,10474,28,36.40,18,0.00
603,10474,40,14.70,21,0.00
604,10474,75,6.20,10,0.00
605,10475,31,10.00,35,0.15
606,10475,66,13.60,60,0.15
607,10475,76,14.40,42,0.15
608,10476,55,19.20,2,0.05
609,10476,70,12.00,12,0.00
610,10477,1,14.40,15,0.00
611,10477,21,8.00,21,0.25
612,10477,39,14.40,20,0.25
613,10478,10,24.80,20,0.05
614,10479,38,210.80,30,0.00
615,10479,53,26.20,28,0.00
616,10479,59,44.00,60,0.00
617,10479,64,26.60,30,0.00
618,10480,47,7.60,30,0.00
619,10480,59,44.00,12,0.00
620,10481,49,16.00,24,0.00
621,10481,60,27.20,40,0.00
622,10482,40,14.70,10,0.00
623,10483,34,11.20,35,0.05
624,10483,77,10.40,30,0.05
625,10484,21,8.00,14,0.00
626,10484,40,14.70,10,0.00
627,10484,51,42.40,3,0.00
628,10485,2,15.20,20,0.10
629,10485,3,8.00,20,0.10
630,10485,55,19.20,30,0.10
631,10485,70,12.00,60,0.10
632,10486,11,16.80,5,0.00
633,10486,51,42.40,25,0.00
634,10486,74,8.00,16,0.00
635,10487,19,7.30,5,0.00
636,10487,26,24.90,30,0.00
637,10487,54,5.90,24,0.25
638,10488,59,44.00,30,0.00
639,10488,73,12.00,20,0.20
640,10489,11,16.80,15,0.25
641,10489,16,13.90,18,0.00
642,10490,59,44.00,60,0.00
643,10490,68,10.00,30,0.00
644,10490,75,6.20,36,0.00
645,10491,44,15.50,15,0.15
646,10491,77,10.40,7,0.15
647,10492,25,11.20,60,0.05
648,10492,42,11.20,20,0.05
649,10493,65,16.80,15,0.10
650,10493,66,13.60,10,0.10
651,10493,69,28.80,10,0.10
652,10494,56,30.40,30,0.00
653,10495,23,7.20,10,0.00
654,10495,41,7.70,20,0.00
655,10495,77,10.40,5,0.00
656,10496,31,10.00,20,0.05
657,10497,56,30.40,14,0.00
658,10497,72,27.80,25,0.00
659,10497,77,10.40,25,0.00
660,10498,24,4.50,14,0.00
661,10498,40,18.40,5,0.00
662,10498,42,14.00,30,0.00
663,10499,28,45.60,20,0.00
664,10499,49,20.00,25,0.00
665,10500,15,15.50,12,0.05
666,10500,28,45.60,8,0.05
667,10501,54,7.45,20,0.00
668,10502,45,9.50,21,0.00
669,10502,53,32.80,6,0.00
670,10502,67,14.00,30,0.00
671,10503,14,23.25,70,0.00
672,10503,65,21.05,20,0.00
673,10504,2,19.00,12,0.00
674,10504,21,10.00,12,0.00
675,10504,53,32.80,10,0.00
676,10504,61,28.50,25,0.00
677,10505,62,49.30,3,0.00
678,10506,25,14.00,18,0.10
679,10506,70,15.00,14,0.10
680,10507,43,46.00,15,0.15
681,10507,48,12.75,15,0.15
682,10508,13,6.00,10,0.00
683,10508,39,18.00,10,0.00
684,10509,28,45.60,3,0.00
685,10510,29,123.79,36,0.00
686,10510,75,7.75,36,0.10
687,10511,4,22.00,50,0.15
688,10511,7,30.00,50,0.15
689,10511,8,40.00,10,0.15
690,10512,24,4.50,10,0.15
691,10512,46,12.00,9,0.15
692,10512,47,9.50,6,0.15
693,10512,60,34.00,12,0.15
694,10513,21,10.00,40,0.20
695,10513,32,32.00,50,0.20
696,10513,61,28.50,15,0.20
697,10514,20,81.00,39,0.00
698,10514,28,45.60,35,0.00
699,10514,56,38.00,70,0.00
700,10514,65,21.05,39,0.00
701,10514,75,7.75,50,0.00
702,10515,9,97.00,16,0.15
703,10515,16,17.45,50,0.00
704,10515,27,43.90,120,0.00
705,10515,33,2.50,16,0.15
706,10515,60,34.00,84,0.15
707,10516,18,62.50,25,0.10
708,10516,41,9.65,80,0.10
709,10516,42,14.00,20,0.00
710,10517,52,7.00,6,0.00
711,10517,59,55.00,4,0.00
712,10517,70,15.00,6,0.00
713,10518,24,4.50,5,0.00
714,10518,38,263.50,15,0.00
715,10518,44,19.45,9,0.00
716,10519,10,31.00,16,0.05
717,10519,56,38.00,40,0.00
718,10519,60,34.00,10,0.05
719,10520,24,4.50,8,0.00
720,10520,53,32.80,5,0.00
721,10521,35,18.00,3,0.00
722,10521,41,9.65,10,0.00
723,10521,68,12.50,6,0.00
724,10522,1,18.00,40,0.20
725,10522,8,40.00,24,0.00
726,10522,30,25.89,20,0.20
727,10522,40,18.40,25,0.20
728,10523,17,39.00,25,0.10
729,10523,20,81.00,15,0.10
730,10523,37,26.00,18,0.10
731,10523,41,9.65,6,0.10
732,10524,10,31.00,2,0.00
733,10524,30,25.89,10,0.00
734,10524,43,46.00,60,0.00
735,10524,54,7.45,15,0.00
736,10525,36,19.00,30,0.00
737,10525,40,18.40,15,0.10
738,10526,1,18.00,8,0.15
739,10526,13,6.00,10,0.00
740,10526,56,38.00,30,0.15
741,10527,4,22.00,50,0.10
742,10527,36,19.00,30,0.10
743,10528,11,21.00,3,0.00
744,10528,33,2.50,8,0.20
745,10528,72,34.80,9,0.00
746,10529,55,24.00,14,0.00
747,10529,68,12.50,20,0.00
748,10529,69,36.00,10,0.00
749,10530,17,39.00,40,0.00
750,10530,43,46.00,25,0.00
751,10530,61,28.50,20,0.00
752,10530,76,18.00,50,0.00
753,10531,59,55.00,2,0.00
754,10532,30,25.89,15,0.00
755,10532,66,17.00,24,0.00
756,10533,4,22.00,50,0.05
757,10533,72,34.80,24,0.00
758,10533,73,15.00,24,0.05
759,10534,30,25.89,10,0.00
760,10534,40,18.40,10,0.20
761,10534,54,7.45,10,0.20
762,10535,11,21.00,50,0.10
763,10535,40,18.40,10,0.10
764,10535,57,19.50,5,0.10
765,10535,59,55.00,15,0.10
766,10536,12,38.00,15,0.25
767,10536,31,12.50,20,0.00
768,10536,33,2.50,30,0.00
769,10536,60,34.00,35,0.25
770,10537,31,12.50,30,0.00
771,10537,51,53.00,6,0.00
772,10537,58,13.25,20,0.00
773,10537,72,34.80,21,0.00
774,10537,73,15.00,9,0.00
775,10538,70,15.00,7,0.00
776,10538,72,34.80,1,0.00
777,10539,13,6.00,8,0.00
778,10539,21,10.00,15,0.00
779,10539,33,2.50,15,0.00
780,10539,49,20.00,6,0.00
781,10540,3,10.00,60,0.00
782,10540,26,31.23,40,0.00
783,10540,38,263.50,30,0.00
784,10540,68,12.50,35,0.00
785,10541,24,4.50,35,0.10
786,10541,38,263.50,4,0.10
787,10541,65,21.05,36,0.10
788,10541,71,21.50,9,0.10
789,10542,11,21.00,15,0.05
790,10542,54,7.45,24,0.05
791,10543,12,38.00,30,0.15
792,10543,23,9.00,70,0.15
793,10544,28,45.60,7,0.00
794,10544,67,14.00,7,0.00
795,10545,11,21.00,10,0.00
796,10546,7,30.00,10,0.00
797,10546,35,18.00,30,0.00
798,10546,62,49.30,40,0.00
799,10547,32,32.00,24,0.15
800,10547,36,19.00,60,0.00
801,10548,34,14.00,10,0.25
802,10548,41,9.65,14,0.00
803,10549,31,12.50,55,0.15
804,10549,45,9.50,100,0.15
805,10549,51,53.00,48,0.15
806,10550,17,39.00,8,0.10
807,10550,19,9.20,10,0.00
808,10550,21,10.00,6,0.10
809,10550,61,28.50,10,0.10
810,10551,16,17.45,40,0.15
811,10551,35,18.00,20,0.15
812,10551,44,19.45,40,0.00
813,10552,69,36.00,18,0.00
814,10552,75,7.75,30,0.00
815,10553,11,21.00,15,0.00
816,10553,16,17.45,14,0.00
817,10553,22,21.00,24,0.00
818,10553,31,12.50,30,0.00
819,10553,35,18.00,6,0.00
820,10554,16,17.45,30,0.05
821,10554,23,9.00,20,0.05
822,10554,62,49.30,20,0.05
823,10554,77,13.00,10,0.05
824,10555,14,23.25,30,0.20
825,10555,19,9.20,35,0.20
826,10555,24,4.50,18,0.20
827,10555,51,53.00,20,0.20
828,10555,56,38.00,40,0.20
829,10556,72,34.80,24,0.00
830,10557,64,33.25,30,0.00
831,10557,75,7.75,20,0.00
832,10558,47,9.50,25,0.00
833,10558,51,53.00,20,0.00
834,10558,52,7.00,30,0.00
835,10558,53,32.80,18,0.00
836,10558,73,15.00,3,0.00
837,10559,41,9.65,12,0.05
838,10559,55,24.00,18,0.05
839,10560,30,25.89,20,0.00
840,10560,62,49.30,15,0.25
841,10561,44,19.45,10,0.00
842,10561,51,53.00,50,0.00
843,10562,33,2.50,20,0.10
844,10562,62,49.30,10,0.10
845,10563,36,19.00,25,0.00
846,10563,52,7.00,70,0.00
847,10564,17,39.00,16,0.05
848,10564,31,12.50,6,0.05
849,10564,55,24.00,25,0.05
850,10565,24,4.50,25,0.10
851,10565,64,33.25,18,0.10
852,10566,11,21.00,35,0.15
853,10566,18,62.50,18,0.15
854,10566,76,18.00,10,0.00
855,10567,31,12.50,60,0.20
856,10567,51,53.00,3,0.00
857,10567,59,55.00,40,0.20
858,10568,10,31.00,5,0.00
859,10569,31,12.50,35,0.20
860,10569,76,18.00,30,0.00
861,10570,11,21.00,15,0.05
862,10570,56,38.00,60,0.05
863,10571,14,23.25,11,0.15
864,10571,42,14.00,28,0.15
865,10572,16,17.45,12,0.10
866,10572,32,32.00,10,0.10
867,10572,40,18.40,50,0.00
868,10572,75,7.75,15,0.10
869,10573,17,39.00,18,0.00
870,10573,34,14.00,40,0.00
871,10573,53,32.80,25,0.00
872,10574,33,2.50,14,0.00
873,10574,40,18.40,2,0.00
874,10574,62,49.30,10,0.00
875,10574,64,33.25,6,0.00
876,10575,59,55.00,12,0.00
877,10575,63,43.90,6,0.00
878,10575,72,34.80,30,0.00
879,10575,76,18.00,10,0.00
880,10576,1,18.00,10,0.00
881,10576,31,12.50,20,0.00
882,10576,44,19.45,21,0.00
883,10577,39,18.00,10,0.00
884,10577,75,7.75,20,0.00
885,10577,77,13.00,18,0.00
886,10578,35,18.00,20,0.00
887,10578,57,19.50,6,0.00
888,10579,15,15.50,10,0.00
889,10579,75,7.75,21,0.00
890,10580,14,23.25,15,0.05
891,10580,41,9.65,9,0.05
892,10580,65,21.05,30,0.05
893,10581,75,7.75,50,0.20
894,10582,57,19.50,4,0.00
895,10582,76,18.00,14,0.00
896,10583,29,123.79,10,0.00
897,10583,60,34.00,24,0.15
898,10583,69,36.00,10,0.15
899,10584,31,12.50,50,0.05
900,10585,47,9.50,15,0.00
901,10586,52,7.00,4,0.15
902,10587,26,31.23,6,0.00
903,10587,35,18.00,20,0.00
904,10587,77,13.00,20,0.00
905,10588,18,62.50,40,0.20
906,10588,42,14.00,100,0.20
907,10589,35,18.00,4,0.00
908,10590,1,18.00,20,0.00
909,10590,77,13.00,60,0.05
910,10591,3,10.00,14,0.00
911,10591,7,30.00,10,0.00
912,10591,54,7.45,50,0.00
913,10592,15,15.50,25,0.05
914,10592,26,31.23,5,0.05
915,10593,20,81.00,21,0.20
916,10593,69,36.00,20,0.20
917,10593,76,18.00,4,0.20
918,10594,52,7.00,24,0.00
919,10594,58,13.25,30,0.00
920,10595,35,18.00,30,0.25
921,10595,61,28.50,120,0.25
922,10595,69,36.00,65,0.25
923,10596,56,38.00,5,0.20
924,10596,63,43.90,24,0.20
925,10596,75,7.75,30,0.20
926,10597,24,4.50,35,0.20
927,10597,57,19.50,20,0.00
928,10597,65,21.05,12,0.20
929,10598,27,43.90,50,0.00
930,10598,71,21.50,9,0.00
931,10599,62,49.30,10,0.00
932,10600,54,7.45,4,0.00
933,10600,73,15.00,30,0.00
934,10601,13,6.00,60,0.00
935,10601,59,55.00,35,0.00
936,10602,77,13.00,5,0.25
937,10603,22,21.00,48,0.00
938,10603,49,20.00,25,0.05
939,10604,48,12.75,6,0.10
940,10604,76,18.00,10,0.10
941,10605,16,17.45,30,0.05
942,10605,59,55.00,20,0.05
943,10605,60,34.00,70,0.05
944,10605,71,21.50,15,0.05
945,10606,4,22.00,20,0.20
946,10606,55,24.00,20,0.20
947,10606,62,49.30,10,0.20
948,10607,7,30.00,45,0.00
949,10607,17,39.00,100,0.00
950,10607,33,2.50,14,0.00
951,10607,40,18.40,42,0.00
952,10607,72,34.80,12,0.00
953,10608,56,38.00,28,0.00
954,10609,1,18.00,3,0.00
955,10609,10,31.00,10,0.00
956,10609,21,10.00,6,0.00
957,10610,36,19.00,21,0.25
958,10611,1,18.00,6,0.00
959,10611,2,19.00,10,0.00
960,10611,60,34.00,15,0.00
961,10612,10,31.00,70,0.00
962,10612,36,19.00,55,0.00
963,10612,49,20.00,18,0.00
964,10612,60,34.00,40,0.00
965,10612,76,18.00,80,0.00
966,10613,13,6.00,8,0.10
967,10613,75,7.75,40,0.00
968,10614,11,21.00,14,0.00
969,10614,21,10.00,8,0.00
970,10614,39,18.00,5,0.00
971,10615,55,24.00,5,0.00
972,10616,38,263.50,15,0.05
973,10616,56,38.00,14,0.00
974,10616,70,15.00,15,0.05
975,10616,71,21.50,15,0.05
976,10617,59,55.00,30,0.15
977,10618,6,25.00,70,0.00
978,10618,56,38.00,20,0.00
979,10618,68,12.50,15,0.00
980,10619,21,10.00,42,0.00
981,10619,22,21.00,40,0.00
982,10620,24,4.50,5,0.00
983,10620,52,7.00,5,0.00
984,10621,19,9.20,5,0.00
985,10621,23,9.00,10,0.00
986,10621,70,15.00,20,0.00
987,10621,71,21.50,15,0.00
988,10622,2,19.00,20,0.00
989,10622,68,12.50,18,0.20
990,10623,14,23.25,21,0.00
991,10623,19,9.20,15,0.10
992,10623,21,10.00,25,0.10
993,10623,24,4.50,3,0.00
994,10623,35,18.00,30,0.10
995,10624,28,45.60,10,0.00
996,10624,29,123.79,6,0.00
997,10624,44,19.45,10,0.00
998,10625,14,23.25,3,0.00
999,10625,42,14.00,5,0.00
1000,10625,60,34.00,10,0.00
